Browser Name,Browser Version
chrome,124.0.6367.60
Operating System,Processor Info,RAM Info
Windows,"Intel64 Family 6 Model 142 Stepping 10, GenuineIntel",7.86 GB
Wasm_time_taken,Js_time_taken
0.20000004768371582 ms,1.2000000476837158 ms
0.09999990463256836 ms,0.10000002384185791 ms
0 ms,0 ms
0.10000002384185791 ms,0 ms
0 ms,0 ms
0.10000002384185791 ms,4 ms
0 ms,0 ms
0 ms,0 ms
0 ms,0 ms
0 ms,0 ms
